Patient,Class,A2M,AAAS,AACS,AAK1,AAMP,AARS,AARS2,AASDH,AASDHPPT
s1,0,5.744508567,7.664628161,7.019112605,6.087144479,8.87959161,7.062487497,8.085356312,6.248001074,8.077049487
s2,0,5.925285242,7.356333862,7.237980955,6.259658687,8.716571837,7.285805957,7.867209283,6.44127629,8.527848218
s3,0,5.83448207,7.535452564,7.045336802,6.244945542,8.257302303,7.325818157,7.838818072,6.23553612,8.490432604
s4,0,5.831238351,7.866082969,7.258332406,6.108713755,8.903164337,7.166303814,7.764737364,6.39459312,8.619192412
s5,0,5.678211809,7.266127017,7.315032013,6.075313791,9.137253185,6.811888776,7.90746293,6.178107534,8.317483353
p1,2Y,5.188867598,7.96759523,7.553596756,5.225426486,9.220347644,7.780847132,7.757422461,7.328402175,9.035952523
p2,2Y,5.519923685,7.895572347,7.765661256,5.736039179,8.989745981,7.853290247,8.307273498,7.086688761,8.201598792
p3,2Y,5.244022691,8.089045468,7.317202881,5.46497272,9.002564863,7.501616605,7.540092004,7.088401417,8.097408737